AI,Candidate Links,"full_name ","slug ","party ","jurisdiction ","office ","ai_summary "
Search completed ✅,https://mdbaynews.com/maryland-election-2026/maryland-general-assembly-2026/mga-district-15/,Peter Chan,peter-chan-maryland-statewide-house-of-delegates-member-legislative-district-15-2026-primary,Republican,Maryland,House of Delegates Member,null
Search completed ✅,None,William Valentine,william-valentine-maryland-statewide-house-of-delegates-member-legislative-district-2a-2026-primary,Republican,Maryland,House of Delegates Member,null
Search completed ✅,"https://www.carrollmediacenter.org/cmc-voters-guide
https://www.carrollmediacenter.org/episodes/paul-g-zimmermann-r-candidate-profile-2026-register-of-wills",Crystal L. Starner,crystal-l-starner-carroll-county-register-of-wills-2026-primary,Republican,Carroll County,Register of Wills,null
Search completed ✅,https://marylandreporter.com/2022/06/19/anne-arundel-county-voters-guide-candidates-dor-executive-council-legislature/,Thomas Dale Wieland,thomas-dale-wieland-anne-arundel-county-county-council-member-district-4-2026-primary,Republican,Anne Arundel County,County Council Member,null
Search completed ✅,None,Megan LeRoux,megan-leroux-frederick-county-clerk-of-the-circuit-court-2026-primary,Democratic,Frederick County,Clerk of the Circuit Court,null
Search completed ✅,https://www.thebanner.com/politics-power/local-government/howard-county-local-elections-candidates-CNNSTFDZJZHALAWQTOAXUYASXQ/,Regina R. McLendon,regina-r-mclendon-howard-county-county-council-member-district-2-2026-primary,Democratic,Howard County,County Council Member,null
Search completed ✅,https://mdbaynews.com/maryland-election-2026/maryland-general-assembly-2026/mga-district-6/,Brett Shepherd,brett-shepherd-maryland-statewide-house-of-delegates-member-legislative-district-6-2026-primary,Unaffiliated,Maryland,House of Delegates Member,null
Search completed ✅,https://cnsmaryland.org/category/board-of-ed-candidates/queenanns-district1-board-of-ed/,Chris Blanton,chris-blanton-queen-annes-county-board-of-education-member-district-1-2026-primary,Nonpartisan,Queen Anne's County,Board of Education Member,null
Search completed ✅,None,ShadÃ© D. Bowman,shad-d-bowman-harford-county-clerk-of-the-circuit-court-2026-primary,Democratic,Harford County,Clerk of the Circuit Court,null
Search completed ✅,None,Nicole Schroeder,nicole-schroeder-baltimore-county-register-of-wills-2026-primary,Republican,Baltimore County,Register of Wills,null
Search completed ✅,None,Alina Chester,alina-chester-washington-county-board-of-education-member-2026-primary,Nonpartisan,Washington County,Board of Education Member,null
Search completed ✅,None,Christopher Luke Posko,christopher-luke-posko-dorchester-county-county-council-member-district-5-2026-primary,Democratic,Dorchester County,County Council Member,null
Search completed ✅,https://baytobaynews.com/salisbury/stories/filing-deadline-for-md-primary-election-passes-here-is-a-list-of-candidates-running-in-wicomico302298,Ross Evans,ross-evans-wicomico-county-county-council-member-district-7-2026-primary,Republican,Wicomico County,County Council Member,null
Search completed ✅,None,Marcus Harris,marcus-harris-howard-county-sheriff-2026-primary,Democratic,Howard County,Sheriff,null
Search completed ✅,None,Tarinna N. Terrell,tarinna-n-terrell-maryland-statewide-house-of-delegates-member-legislative-district-28-2026-primary,Democratic,Maryland,House of Delegates Member,null
Search completed ✅,None,Tashi K. Davis,tashi-k-davis-maryland-statewide-u-s-representative-congressional-district-7-2026-primary,Democratic,Maryland,U.S. Representative,null
Search completed ✅,https://bethesdamagazine.com/u-s-congress-district-8/,Michael Yadeta,michael-yadeta-maryland-statewide-u-s-representative-congressional-district-8-2026-primary,Republican,Maryland,U.S. Representative,null
Search completed ✅,None,Alonzo T. Washington,alonzo-t-washington-maryland-statewide-state-senator-legislative-district-22-2026-primary,Democratic,Maryland,State Senator,null
Search completed ✅,https://pgproudmag.com/2026/03/28/whos-running-for-prince-georges-county-council/,Kim Carter,kim-carter-prince-georges-county-county-council-member-district-9-2026-primary,Democratic,Prince George's County,County Council Member,null
Search completed ✅,https://baytobaynews.com/salisbury/stories/filing-deadline-for-md-primary-election-passes-here-is-a-list-of-candidates-running-in-wicomico302298,Sarah Ashley,sarah-ashley-wicomico-county-county-council-member-district-6-2026-primary,Democratic,Wicomico County,County Council Member,null
Search completed ✅,None,Angela R. Smith,angela-r-smith-prince-georges-county-register-of-wills-2026-primary,Democratic,Prince George's County,Register of Wills,null
Search completed ✅,https://baytobaynews.com/salisbury/stories/filing-deadline-for-md-primary-election-passes-here-is-a-list-of-candidates-running-in-wicomico302298,Aaron C. Sadberry,aaron-c-sadberry-wicomico-county-county-council-member-district-5-2026-primary,Democratic,Wicomico County,County Council Member,null
Search completed ✅,"https://www.weaa.org/local-news/2024-10-03/baltimore-city-2024-general-election-candidates
https://www.thebanner.com/voter-guide-2024/races/2024-election-maryland-primary-baltimore-city-council-president-C4RTLVN64FDXFDUVEUALNTKZKY/",Andy Zipay,andy-zipay-baltimore-city-register-of-wills-2026-primary,Republican,Baltimore City,Register of Wills,null
Search completed ✅,https://chestertownspy.org/2026/02/25/final-candidate-filings-for-county-commissioners-board-of-education-and-district-36-for-june-23-primary/,Cameron Brooks,cameron-brooks-kent-county-board-of-education-member-2026-primary,Nonpartisan,Kent County,Board of Education Member,null
Search completed ✅,None,Ashley Nieves,ashley-nieves-maryland-statewide-house-of-delegates-member-legislative-district-3-2026-primary,Republican,Maryland,House of Delegates Member,null
Search completed ✅,None,Terri Delaney Westcott,terri-delaney-westcott-worcester-county-register-of-wills-2026-primary,Republican,Worcester County,Register of Wills,null
Search completed ✅,None,Stephanie B. Ramsey,stephanie-b-ramsey-caroline-county-clerk-of-the-circuit-court-2026-primary,Republican,Caroline County,Clerk of the Circuit Court,null
Search completed ✅,https://baytobaynews.com/stories/teresa-dayton-wheatley-seeks-to-continue-in-dorchester-register-of-wills-post87410,Terry Dayton Wheatley,terry-dayton-wheatley-dorchester-county-register-of-wills-2026-primary,Democratic,Dorchester County,Register of Wills,null
Search completed ✅,https://tristatealert.com/washco-commissioner-calls-on-candidate-to-drop-out-after-vulgar-note-left-on-his-car-at-county-event/,Kaden Snyder,kaden-snyder-washington-county-county-commissioner-2026-primary,Republican,Washington County,County Commissioner,null
Search completed ✅,,Gary W. Morton,gary-w-morton-frederick-county-sheriff-2026-primary,Republican,Frederick County,Sheriff,null
Search completed ✅,None,Chuckie Johnson,chuckie-johnson-washington-county-sheriff-2026-primary,Republican,Washington County,Sheriff,null
Search completed ✅,https://thedailyrecord.com/2024/09/18/nico-sanders/,Nico Sanders,nico-sanders-maryland-statewide-house-of-delegates-member-legislative-district-11a-2026-primary,Democratic,Maryland,House of Delegates Member,null
Search completed ✅,https://bethesdamagazine.com/voters-guide/u-s-senate-2024/moshe-y-landman/,Moshe Y. Landman,moshe-y-landman-maryland-statewide-u-s-representative-congressional-district-6-2026-primary,Green,Maryland,U.S. Representative,null
Search completed ✅,None,Mary C. Rolle,mary-c-rolle-frederick-county-register-of-wills-2026-primary,Republican,Frederick County,Register of Wills,null
Search completed ✅,"https://mdbaynews.com/2026/03/01/montgomery-county-2026-council-at-large-race/
https://www.thechurchillobserver.com/online-news/2026/02/27/mcps-students-guide-to-board-of-education-and-county-council-primaries/",Muhammad Arif Wali,muhammad-arif-wali-montgomery-county-county-council-member-at-large-2026-primary,Democratic,Montgomery County,County Council Member (At-Large),null
Search completed ✅,https://www.thebanner.com/politics-power/local-government/howard-county-local-elections-candidates-CNNSTFDZJZHALAWQTOAXUYASXQ/,Ben Hightower,ben-hightower-maryland-statewide-state-senator-legislative-district-9-2026-primary,Republican,Maryland,State Senator,null
Search completed ✅,None,Reggie Walker,reggie-walker-charles-county-board-of-education-member-district-3-2026-primary,Nonpartisan,Charles County,Board of Education Member,null
Search completed ✅,https://www.somdnews.com/enquirer_gazette/news/local/destination-congress-democrat-hopefuls-gather/article_ccc345ec-0c18-4ba6-afee-97bfe889d9a7.html,Mildred Marie Hall,mildred-marie-hall-maryland-statewide-u-s-representative-congressional-district-5-2026-primary,null,Maryland,U.S. Representative,null
Search completed ✅,https://bethesdamagazine.com/2025/09/16/silvestre-election-county-council/,Karla Silvestre,karla-silvestre-montgomery-county-county-council-member-at-large-2026-primary,Democratic,Montgomery County,County Council Member (At-Large),null
Search completed ✅,None,Paul Henderson,paul-henderson-maryland-statewide-state-senator-legislative-district-42-2026-primary,Democratic,Maryland,State Senator,null
Search completed ✅,None,Stavros Plagianakos,stavros-plagianakos-cecil-county-board-of-education-member-district-4-2026-primary,Nonpartisan,Cecil County,Board of Education Member,null
Search completed ✅,https://afro.com/krystal-oriadha-elected-chair-of-prince-georges-county-council/,Krystal Oriadha,krystal-oriadha-prince-georges-county-county-council-member-district-7-2026-primary,Democratic,Prince George's County,County Council Member,null
Search completed ✅,None,"Walter ""Dan"" Kurth",walter-dan-kurth-dorchester-county-register-of-wills-2026-primary,Republican,Dorchester County,Register of Wills,null
Search completed ✅,None,Megan Ann Mioduszewski,megan-ann-mioduszewski-maryland-statewide-house-of-delegates-member-legislative-district-6-2026-primary,Democratic,Maryland,House of Delegates Member,null
Search completed ✅,None,Michael Jones II,michael-jones-ii-prince-georges-county-county-council-member-district-6-2026-primary,Republican,Prince George's County,County Council Member,null
Search completed ✅,None,Sherry Scipio,sherry-scipio-maryland-statewide-house-of-delegates-member-legislative-district-44b-2026-primary,Democratic,Maryland,House of Delegates Member,null
Search completed ✅,None,Russ English Jr.,russ-english-jr-harford-county-county-council-member-district-b-2026-primary,Republican,Harford County,County Council Member,null
Search completed ✅,https://marylandmatters.org/tag/ryan-nawrocki/,Ryan Nawrocki,ryan-nawrocki-maryland-statewide-house-of-delegates-member-legislative-district-7a-2026-primary,Republican,Maryland,House of Delegates Member,null
Search completed ✅,https://cnsmaryland.org/charles-county-board-of-education-candida/,Jamila Smith,jamila-smith-charles-county-board-of-education-member-district-2-2026-primary,Nonpartisan,Charles County,Board of Education Member,null
Search completed ✅,"https://localnews1.org/meet-your-candidates-maryland-house-of-delegates-1c-2a-2b/
https://radiofreehubcity.com/2026/02/20/hagerstown-councilman-sean-flaherty-announces-candidacy-for-state-delegate-pledging-lower-taxes-and-increased-public-safety/",Sean Flaherty,sean-flaherty-maryland-statewide-house-of-delegates-member-legislative-district-2b-2026-primary,Republican,Maryland,House of Delegates Member,null
Search completed ✅,None,James A. T. Amah,james-a-t-amah-maryland-statewide-state-senator-legislative-district-23-2026-primary,Republican,Maryland,State Senator,null
Search completed ✅,None,"Kelly ""Bear"" Bryant",kelly-bear-bryant-harford-county-county-council-member-district-a-2026-primary,Democratic,Harford County,County Council Member,null
Search completed ✅,"https://marylandmatters.org/tag/sen-ben-kramer/ 
https://marylandmatters.org/2026/03/27/bouchat-gets-charitable-ellis-gets-angry-kramer-gets-reviewed-in-political-notes/ 
https://www.ballotready.org/people/ben-kramer",Ben Kramer,ben-kramer-maryland-statewide-state-senator-legislative-district-19-2026-primary,Democratic,Maryland,State Senator,null
Search completed ✅,None,Bonnie H. Ennis,bonnie-h-ennis-wicomico-county-board-of-education-member-district-6-2026-primary,Nonpartisan,Wicomico County,Board of Education Member,null
Search completed ✅,https://www.beluminus.org/congratulations-delegate-elect-gabriel-moreno/,Gabriel Maximilian Moreno,gabriel-maximilian-moreno-maryland-statewide-house-of-delegates-member-legislative-district-13-2026-primary,Democratic,Maryland,House of Delegates Member,null
Search completed ✅,https://cnsmaryland.org/wicomico-county-board-of-education-candidates-2022/,Susan W. Beauchamp,susan-w-beauchamp-wicomico-county-board-of-education-member-district-4-2026-primary,Nonpartisan,Wicomico County,Board of Education Member,null
Search completed ✅,https://cnsmaryland.org/category/board-of-ed-candidates/washington-board-of-ed/ https://cnsmaryland.org/washington-county-board-of-education-candidates-2022/,Ethan Loewen,ethan-loewen-washington-county-board-of-education-member-2026-primary,Nonpartisan,Washington County,Board of Education Member,null
Search completed ✅,None,Bobby Henry,bobby-henry-maryland-statewide-house-of-delegates-member-legislative-district-24-2026-primary,Democratic,Maryland,House of Delegates Member,null
Search completed ✅,None,Colin McEvers,colin-mcevers-maryland-statewide-house-of-delegates-member-legislative-district-32-2026-primary,Republican,Maryland,House of Delegates Member,null
Search completed ✅,None,Katherine Beane Hager,katherine-beane-hager-queen-annes-county-clerk-of-the-circuit-court-2026-primary,Republican,Queen Anne's County,Clerk of the Circuit Court,null
Search completed ✅,"https://marylandmatters.org/author/jyotimohan/
https://bluevoterguide.org/district/MD/Maryland_House_of_Delegates_District_42A/38276/562",Jyoti Mohan,jyoti-mohan-maryland-statewide-house-of-delegates-member-legislative-district-42a-2026-primary,Democratic,Maryland,House of Delegates Member,null
Search completed ✅,None,Yvonne D. Penn,yvonne-d-penn-dorchester-county-county-council-member-district-2-2026-primary,Democratic,Dorchester County,County Council Member,null
Search completed ✅,https://ballotpedia.org/Maryland_House_of_Delegates_District_32,Mary Phelps,mary-phelps-maryland-statewide-house-of-delegates-member-legislative-district-32-2026-primary,Republican,Maryland,House of Delegates Member,null
Search completed ✅,https://www.yahoo.com/news/still-really-love-job-smith-002500669.html,Charlie Smith,charlie-smith-frederick-county-states-attorney-2026-primary,Republican,Frederick County,State's Attorney,null
Search completed ✅,None,Rodney B. Glotfelty,rodney-b-glotfelty-garrett-county-board-of-education-member-district-2-2026-primary,Nonpartisan,Garrett County,Board of Education Member,null
Search completed ✅,None,Laura Nan Cook,laura-nan-cook-queen-annes-county-register-of-wills-2026-primary,Republican,Queen Anne's County,Register of Wills,null
Search completed ✅,https://www.wypr.org/wypr-news/2026-02-24/baltimore-county-primaries-set-open-seats-crowded-fields-and-high-stakes https://www.thebanner.com/politics-power/local-government/baltimore-county-council-election-candidates-SVXHEUFZOZH7TCJIYKQMKCXRDA/,"Russ ""No Tax"" Mirabile",russ-no-tax-mirabile-baltimore-county-county-council-member-district-9-2026-primary,Republican,Baltimore County,County Council Member,null
Search completed ✅,https://marylandmatters.org/tag/christiana-rigby/,Christiana Rigby,christiana-rigby-howard-county-county-council-member-district-3-2026-primary,Democratic,Howard County,County Council Member,null
Search completed ✅,https://www.yahoo.com/news/articles/borns-pulls-district-5-county-155200366.html,Chase A. Borns,chase-a-borns-frederick-county-county-council-member-district-5-2026-primary,Republican,Frederick County,County Council Member,null
Search completed ✅,https://www.baltimoresun.com/2026/02/24/marsha-herbert-files-for-boe/,Marsha B. Herbert,marsha-b-herbert-carroll-county-county-commissioner-district-3-2026-primary,Republican,Carroll County,County Commissioner,null
Search completed ✅,https://www.baltimoresun.com/2024/04/11/gary-schuman/,Gary Schuman,gary-schuman-baltimore-county-county-council-member-district-4-2026-primary,Republican,Baltimore County,County Council Member,null
Search completed ✅,"https://marylandmatters.org/tag/will-smith/ 
https://www.wypr.org/tags/will-smith",Will Smith,will-smith-maryland-statewide-state-senator-legislative-district-20-2026-primary,Democratic,Maryland,State Senator,null
Search completed ✅,https://www.octodaydispatch.com/news/ted-elder-ready-for-round-four-against-virgil-shockley/article_3137b474-83df-58f9-af95-d398733d06e6.html,Virgil L. Shockley,virgil-l-shockley-worcester-county-county-commissioner-district-4-2026-primary,Republican,Worcester County,County Commissioner,null
Search completed ✅,None,Spencer D. Dagner,spencer-d-dagner-harford-county-county-executive-2026-primary,Republican,Harford County,County Executive,null
Search completed ✅,https://conduitstreet.mdcounties.org/2019/01/09/queen-annes-commissioner-jack-wilson-elected-new-chair-of-rural-counties-coalition-at-macocon/,Jack Wilson,jack-wilson-queen-annes-county-county-commissioner-district-1-2026-primary,Republican,Queen Anne's County,County Commissioner,null
Search completed ✅,https://marylandmatters.org/2025/03/25/prince-georges-council-leadership-shakeup-includes-youngest-council-chair-ever/,Edward Burroughs III,edward-burroughs-iii-prince-georges-county-county-council-member-district-8-2026-primary,Democratic,Prince George's County,County Council Member,null
Search completed ✅,https://ballotpedia.org/Loraine_Davies_Hennessy_(Charles_County_Register_of_Wills_Maryland_candidate_2022),Loraine Davies Hennessy,loraine-davies-hennessy-charles-county-register-of-wills-2026-primary,Democratic,Charles County,Register of Wills,null
Search completed ✅,None,Ray Bly,ray-bly-maryland-statewide-u-s-representative-congressional-district-3-2026-primary,Republican,Maryland,U.S. Representative,null
Search completed ✅,https://cnsmaryland.org/2024/07/15/maryland-republican-national-convention-delegates-a-mix-of-political-pros-and-newcomers/,Mike Jacobs,mike-jacobs-maryland-statewide-house-of-delegates-member-legislative-district-31-2026-primary,Republican,Maryland,House of Delegates Member,null
Search completed ✅,https://www.washingtoninformer.com/prince-georges-election-candidates/,David Jack,david-jack-prince-georges-county-register-of-wills-2026-primary,Democratic,Prince George's County,Register of Wills,null
Search completed ✅,https://carolinereview.com/stories/caroline-county-commissioner-candidate-profile67114,Michael A. Mann,michael-a-mann-caroline-county-county-commissioner-2026-primary,Republican,Caroline County,County Commissioner,null
Search completed ✅,https://www.octodaydispatch.com/news/mitrecic-pitches-combined-school-districts/article_faf4a126-e154-4838-9528-f0e5b7089a4a.html,Joseph M. Mitrecic,joseph-m-mitrecic-worcester-county-county-commissioner-district-7-2026-primary,Republican,Worcester County,County Commissioner,null
Search completed ✅,None,Wayne L. Tome Sr.,wayne-l-tome-sr-cecil-county-county-council-member-district-4-2026-primary,Republican,Cecil County,County Council Member,null
Search completed ✅,"https://www.yahoo.com/news/articles/audit-carroll-register-wills-office-202700450.html
https://www.carrollmediacenter.org/episodes/paul-g-zimmermann-r-candidate-profile-2026-register-of-wills",Paul G. Zimmermann,paul-g-zimmermann-carroll-county-register-of-wills-2026-primary,Republican,Carroll County,Register of Wills,null
Search completed ✅,None,William J. Wivell,william-j-wivell-maryland-statewide-house-of-delegates-member-legislative-district-2a-2026-primary,Republican,Maryland,House of Delegates Member,null
Search completed ✅,https://www.stardem.com/news/local_news/heres-who-is-running-for-office-in-talbot-county-this-year/article_99b1a79c-54b6-431d-aa47-46b7ad22a809.html,Wade Strickland,wade-strickland-talbot-county-county-council-member-2026-primary,Republican,Talbot County,County Council Member,null
Search completed ✅,https://www.ballotready.org/people/justin-holliday,Justin Holliday,justin-holliday-maryland-statewide-state-senator-legislative-district-6-2026-primary,Democratic,Maryland,State Senator,null
Search completed ✅,None,Frederick D. Grant Sr.,frederick-d-grant-sr-worcester-county-board-of-education-member-district-4-2026-primary,Nonpartisan,Worcester County,Board of Education Member,null
Search completed ✅,"https://afro.com/did-muses-campaign-exhaust-his-political-capital/
https://marylandmatters.org/2025/12/18/anthony-muse-prince-georges-county-job-ethics/",C. Anthony Muse,c-anthony-muse-maryland-statewide-state-senator-legislative-district-26-2026-primary,Democratic,Maryland,State Senator,null
Search completed ✅,None,Kelsey M. Hackman,kelsey-m-hackman-cecil-county-sheriff-2026-primary,Democratic,Cecil County,Sheriff,null
Search completed ✅,None,Marco Antonio Garcia,marco-antonio-garcia-maryland-statewide-house-of-delegates-member-legislative-district-37b-2026-primary,Democratic,Maryland,House of Delegates Member,null
Search completed ✅,"https://baytobaynews.com/stories/talibah-chikwendu-sworn-in-to-dorchester-school-board133033
https://www.stardem.com/news/dorchester/heres-who-is-running-for-office-in-dorchester-county-this-year/article_150997cd-6389-45f6-8c98-1234c8792877.html",Talibah Chikwendu,talibah-chikwendu-dorchester-county-board-of-education-member-district-2-2026-primary,Nonpartisan,Dorchester County,Board of Education Member,null
Search completed ✅,https://marylandmatters.org/tag/jeff-ghrist/,Jeff Ghrist,jeff-ghrist-maryland-statewide-house-of-delegates-member-legislative-district-36-2026-primary,Republican,Maryland,House of Delegates Member,null
Search completed ✅,None,Le Shaun Quander-Mosley,le-shaun-quander-mosley-maryland-statewide-house-of-delegates-member-legislative-district-23-2026-primary,Democratic,Maryland,House of Delegates Member,null
Search completed ✅,https://elections2018.news.baltimoresun.com/harford-county/county-council/district-e/robert-s-wagner/,Robert S. Wagner,robert-s-wagner-harford-county-board-of-education-member-district-e-2026-primary,Nonpartisan,Harford County,Board of Education Member,null
Search completed ✅,https://www.carrollmediacenter.org/carroll-county-commissioner---district-1,Aaron M. Goldsmith,aaron-m-goldsmith-carroll-county-county-commissioner-district-1-2026-primary,Democratic,Carroll County,County Commissioner,null
Search completed ✅,None,Stacy L. McNish,stacy-l-mcnish-baltimore-county-board-of-education-member-district-7-2026-primary,Nonpartisan,Baltimore County,Board of Education Member,null
Search completed ✅,https://www.thebanner.com/community/local-news/howard-county-council-candidates-2026-64LPRNFRV5BP5FQO6KEJQ7BF6I/,Steven M. Bolen,steven-m-bolen-howard-county-county-council-member-district-5-2026-primary,Democratic,Howard County,County Council Member,null
Search completed ✅,None,Gregory D. Proctor,gregory-d-proctor-charles-county-register-of-wills-2026-primary,Democratic,Charles County,Register of Wills,null
Search completed ✅,None,Jesse deVore,jesse-devore-garrett-county-county-commissioner-district-3-2026-primary,Democratic,Garrett County,County Commissioner,null
Search completed ✅,https://wamu.org/story/26/03/23/despite-pressure-campaign-marylands-most-powerful-lawmaker-insists-redistricting-is-dead/,Bill Ferguson,bill-ferguson-maryland-statewide-state-senator-legislative-district-46-2026-primary,Democratic,Maryland,State Senator,null
Search completed ✅,None,Scott M. Collier,scott-m-collier-maryland-statewide-u-s-representative-congressional-district-7-2026-primary,Republican,Maryland,U.S. Representative,null
Search completed ✅,https://www.baltimoresun.com/2026/03/02/harford-county-council-election-candidates/,Elliott Joseph Herneker,elliott-joseph-herneker-harford-county-county-council-member-district-a-2026-primary,Republican,Harford County,County Council Member,null
Search completed ✅,https://www.myeasternshoremd.com/kent_county_news/news/primary-races-for-local-office-take-shape-following-feb-filing-deadline/article_a9a0b0c1-73e2-42a9-9eac-57902d5c096d.html,Sherise L. Kennard,sherise-l-kennard-kent-county-clerk-of-the-circuit-court-2026-primary,Democratic,Kent County,Clerk of the Circuit Court,null
Search completed ✅,"https://www.baltimoresun.com/politics/bs-md-pol-gallion-2022-20220407-5qz5z3z5z5g5xg5z5g5z5g5z5g5-story.html
https://www.lwvmd.org/elections/voter-guide
https://www.wmar2news.com/news/local-news/jason-gallion-interview",Jason C. Gallion,jason-c-gallion-maryland-statewide-state-senator-legislative-district-35-2026-primary,Republican,Maryland,State Senator,null
Search completed ✅,"https://www.fredericknewspost.com/news/politics_and_government/simpson-would-fight-for-more-protections-for-domestic-violence-victims/article_5c1e4e8e-1c3e-11ed-bc4b-3b8c3f3b5e5d.html
https://www.lwvmd.org/elections/candidate-guide
https://ballotpedia.org/Karen_Simpson",Karen Simpson,karen-simpson-maryland-statewide-house-of-delegates-member-legislative-district-3-2026-primary,Democratic,Maryland,House of Delegates Member,null
Search completed ✅,None,Bernadette C. Cannady,bernadette-c-cannady-wicomico-county-county-council-member-district-1-2026-primary,Democratic,Wicomico County,County Council Member,null
Search completed ✅,None,Dawn D. Gile,dawn-d-gile-maryland-statewide-state-senator-legislative-district-33-2026-primary,Democratic,Maryland,State Senator,null
Search completed ✅,No relevant information found.,Felita Phillips,felita-phillips-howard-county-county-council-member-district-5-2026-primary,Democratic,Howard County,County Council Member,null
Search completed ✅,None,Sha'Meca Latai' Oliver,shameca-latai-oliver-charles-county-county-commissioner-district-2-2026-primary,Democratic,Charles County,County Commissioner,null
Search completed ✅,None,Terry Antonio Jackson 2nd,terry-antonio-jackson-2nd-maryland-statewide-u-s-representative-congressional-district-5-2026-primary,Democratic,Maryland,U.S. Representative,null
Search completed ✅,https://www.avenuenews.com/news/local/marylands-legislative-session-concludes-local-lawmakers-recap-their-wins-for-baltimore-county/article_de9ad23d-a507-4c0f-bd47-ea88dbfe0b45.html,Robin L. Grammer,robin-l-grammer-maryland-statewide-house-of-delegates-member-legislative-district-6-2026-primary,Republican,Maryland,House of Delegates Member,null
Search completed ✅,https://omny.fm/shows/oconnor-and-company/10-28-22-anita-mpambara-cox-interview,Anita Mpambara Cox,anita-mpambara-cox-maryland-statewide-u-s-representative-congressional-district-8-2026-primary,Republican,Maryland,U.S. Representative,null
Search completed ✅,No relevant information found.,Daniel M. Krakower,daniel-m-krakower-maryland-statewide-u-s-representative-congressional-district-6-2026-primary,Democratic,Maryland,U.S. Representative,null
Search completed ✅,"https://wjla.com/news/local/yes-act-maryland-prince-georges-county-delegate-karen-toles-prevent-teens-automatically-charged-as-adults-juvenile-crime-legislation-bill-teen-charges-justice-system-laws-minors-harsh-impact-rehabilitate
https://www.washingtoninformer.com/maryland-delegate-karen-toles/",Karen Toles,karen-toles-maryland-statewide-house-of-delegates-member-legislative-district-25-2026-primary,Democratic,Maryland,House of Delegates Member,null
Search completed ✅,"https://baytobaynews.com/salisbury/stories/filing-deadline-for-md-primary-election-passes-here-is-a-list-of-candidates-running-in-wicomico302298
https://www.delmarvanow.com/story/news/politics/elections/2026/02/26/candidates-file-for-2026-md-primary-election-from-around-lower-shore/88865260007/",Stewart Soper,stewart-soper-wicomico-county-board-of-education-member-district-5-2026-primary,Nonpartisan,Wicomico County,Board of Education Member,null
Search completed ✅,None,Jeremy Scott Alexander,jeremy-scott-alexander-wicomico-county-county-council-member-district-5-2026-primary,Democratic,Wicomico County,County Council Member,null
Search completed ✅,https://www.somdnews.com/candidates-for-u-s-house-of-representative-fifth-district/article_dc18fa5f-c5bd-42bb-b0b1-5f0bb2f816d4.html,Keith Salkowski,keith-salkowski-maryland-statewide-u-s-representative-congressional-district-5-2026-primary,Democratic,Maryland,U.S. Representative,null
Search completed ✅,None,John F. Barr,john-f-barr-washington-county-county-commissioner-2026-primary,Republican,Washington County,County Commissioner,null
Search completed ✅,https://www.thebanner.com/politics-power/local-government/howard-county-local-elections-candidates-CNNSTFDZJZHALAWQTOAXUYASXQ/,Ajile F. Brown,ajile-f-brown-howard-county-register-of-wills-2026-primary,Democratic,Howard County,Register of Wills,null
Search completed ✅,None,John C. Gordon,john-c-gordon-maryland-statewide-house-of-delegates-member-legislative-district-11b-2026-primary,Republican,Maryland,House of Delegates Member,null
Search completed ✅,None,Gregory V. Anderson,gregory-v-anderson-maryland-statewide-house-of-delegates-member-legislative-district-35a-2026-primary,Democratic,Maryland,House of Delegates Member,null
Search completed ✅,None,Terence J. Clegg,terence-j-clegg-prince-georges-county-board-of-education-member-district-2-2026-primary,Nonpartisan,Prince George's County,Board of Education Member,null
Search completed ✅,https://www.stardem.com/news/local_news/chris-armstrong-running-for-talbot-county-council/article_a773c918-ad3b-4ed0-9058-25bc92f4ce28.html,Christopher Armstrong,christopher-armstrong-talbot-county-county-council-member-2026-primary,Democratic,Talbot County,County Council Member,null
Search completed ✅,https://ballotpedia.org/Keri_Geibler,Keri L. Geibler,keri-l-geibler-harford-county-board-of-education-member-district-b-2026-primary,Nonpartisan,Harford County,Board of Education Member,null
Search completed ✅,"https://www.times-news.com/sheriff-candidates-offer-different-leadership-styles/article_ac78ff90-6f8e-44af-bf97-fc435906e2e5.html
https://www.facebook.com/WCBCRadio/posts/godlove-candidate-for-allegany-county-sheriffjuly-16th-2025-by-wcbc-radiothe-fil/1344448924356894/",Rich Godlove,rich-godlove-allegany-county-sheriff-2026-primary,Republican,Allegany County,Sheriff,null
Search completed ✅,None,Steven J. Riemer,steven-j-riemer-maryland-statewide-house-of-delegates-member-legislative-district-8-2026-primary,Republican,Maryland,House of Delegates Member,null
Search completed ✅,"https://ivoterguide.com/candidate/50574/race/2055/election/892
https://www.somdnews.com/candidates-for-u-s-house-of-representative-fifth-district/article_dc18fa5f-c5bd-42bb-b0b1-5f0bb2f816d4.html
https://www.somdnews.com/enterprise/news/local/gop-for-5th-congressional-district-answer-questions/article_ca1fdf8a-a10f-54b2-9d32-78ec07910695.html",Bryan DuVal,bryan-duval-maryland-statewide-u-s-representative-congressional-district-5-2026-primary,Republican,Maryland,U.S. Representative,null
Search completed ✅,None,Andrew Duck,andrew-duck-maryland-statewide-house-of-delegates-member-legislative-district-4-2026-primary,Democratic,Maryland,House of Delegates Member,null
Search completed ✅,https://www.reportannapolis.com/2026/04/five-republican-gubernatorial.html,Michael Oakes,michael-oakes-maryland-statewide-governor-2026-primary,Republican,Maryland,Governor,null
Search completed ✅,https://www.eastcountytimes.com/politics/delegate-ric-metzgar-end-of-session-update/?utm_source=rss&utm_medium=rss&utm_campaign=delegate-ric-metzgar-end-of-session-update,Ric Metzgar,ric-metzgar-maryland-statewide-house-of-delegates-member-legislative-district-6-2026-primary,Republican,Maryland,House of Delegates Member,null
Search completed ✅,https://www.somdnews.com/enterprise/news/local/milburn-of-lexington-park-joins-district-1-commissioner-race/article_487c1a75-f3de-4a38-a5b4-44f61466d7c2.html,Mike Alderson Jr.  (Candidacy for General Election Only),mike-alderson-jr-candidacy-for-general-election-only-saint-marys-county-county-commissioner-district-3-2026-primary,Unaffiliated,Saint Mary's County,County Commissioner,null
Search completed ✅,None,Christina Mulligan,christina-mulligan-baltimore-county-clerk-of-the-circuit-court-2026-primary,Republican,Baltimore County,Clerk of the Circuit Court,null
Search completed ✅,https://www.somdnews.com/recorder/news/local/solomons-resident-files-in-calvert-commissioner-race/article_bdb26a8d-d289-4335-abb5-abc6ab1fb26b.html,Ethan Cox,ethan-cox-calvert-county-county-commissioner-district-1-2026-primary,Democratic,Calvert County,County Commissioner,null
Search completed ✅,https://marylandmatters.org/2021/04/14/schulz-wastes-no-time-after-rutherford-bows-out-glassman-expected-to-run-for-comptroller/,Zach Schulz,zach-schulz-harford-county-county-council-member-district-c-2026-primary,Republican,Harford County,County Council Member,null
Search completed ✅,None,Charles T. Horner Sr.,charles-t-horner-sr-somerset-county-clerk-of-the-circuit-court-2026-primary,Republican,Somerset County,Clerk of the Circuit Court,null
Search completed ✅,None,Jason D. Lambert,jason-d-lambert-anne-arundel-county-register-of-wills-2026-primary,Republican,Anne Arundel County,Register of Wills,null
Search completed ✅,https://www.myeasternshoremd.com/kent_county_news/news/delegates-arentz-jacobs-and-ghrist-announce-reelection-filings-for-district-36-sen-hershey-expresses-support/article_24e3265b-5ee8-43a1-b477-b1e9b5de989f.html,Jay A. Jacobs,jay-a-jacobs-maryland-statewide-house-of-delegates-member-legislative-district-36-2026-primary,Republican,Maryland,House of Delegates Member,null
Search completed ✅,None,John M. McClernan,john-m-mcclernan-saint-marys-county-county-commissioner-district-2-2026-primary,Democratic,Saint Mary's County,County Commissioner,null
Search completed ✅,None,Charles Edward Murphy 3rd,charles-edward-murphy-3rd-maryland-statewide-house-of-delegates-member-legislative-district-42a-2026-primary,Republican,Maryland,House of Delegates Member,null
Search completed ✅,None,Kristin M. Norris,kristin-m-norris-maryland-statewide-house-of-delegates-member-legislative-district-33c-2026-primary,Republican,Maryland,House of Delegates Member,null
Search completed ✅,https://elections2018.news.baltimoresun.com/baltimore-county/board-of-education/district-1/lisa-a-mack/,Lisa A. Mack,lisa-a-mack-baltimore-county-board-of-education-member-district-1-2026-primary,Nonpartisan,Baltimore County,Board of Education Member,null
Search completed ✅,https://www.stardem.com/news/local_news/heres-who-is-running-for-office-in-talbot-county-this-year/article_99b1a79c-54b6-431d-aa47-46b7ad22a809.html,Xavier A. Rahim,xavier-a-rahim-talbot-county-board-of-education-member-district-1-2026-primary,Nonpartisan,Talbot County,Board of Education Member,null
Search completed ✅,https://www.baltimoresun.com/2026/02/04/harford-council-appointment-liliana-norkaitis-school-board/,Liliana Norkaitis,liliana-norkaitis-harford-county-board-of-education-member-district-c-2026-primary,Nonpartisan,Harford County,Board of Education Member,null
Search completed ✅,"https://www.stardem.com/news/caroline/heres-who-is-running-for-office-in-caroline-county/article_b10223c6-254c-47ed-b276-6ecd8c9e7afa.html
https://assets.nationbuilder.com/lwvmaryland2/pages/27/attachments/original/1655584982/2022PrimaryVG-CarolineCoV1.0.pdf?1655584982",Rob Blakely,rob-blakely-caroline-county-register-of-wills-2026-primary,Republican,Caroline County,Register of Wills,null
Search completed ✅,https://www.capitalgazette.com/2026/02/25/beidle-retiring-senate-district-32-chang/,Marcus Damon Snipes Jr.,marcus-damon-snipes-jr-maryland-statewide-house-of-delegates-member-legislative-district-32-2026-primary,Republican,Maryland,House of Delegates Member,null
Search completed ✅,https://www.thebanner.com/politics-power/local-government/baltimore-county-council-election-candidates-SVXHEUFZOZH7TCJIYKQMKCXRDA/,Tammy Soulama,tammy-soulama-baltimore-county-county-council-member-district-2-2026-primary,Democratic,Baltimore County,County Council Member,null
Search completed ✅,https://ccsao.us/the-office/meet-tony-covington/,"Anthony ""Tony"" Covington",anthony-tony-covington-charles-county-states-attorney-2026-primary,Democratic,Charles County,State's Attorney,null
Search completed ✅,https://marylandmatters.org/tag/william-bj-hall/,BJ Hall,bj-hall-maryland-statewide-house-of-delegates-member-legislative-district-29b-2026-primary,Republican,Maryland,House of Delegates Member,null
Search completed ✅,None,Helene Meister,helene-meister-maryland-statewide-state-senator-legislative-district-17-2026-primary,Republican,Maryland,State Senator,null
Search completed ✅,https://www.times-news.com/news/local_news/candidates-set-for-june-primary-election/article_3aff47c9-e1a0-43d1-b82a-3530370309f0.html,David Alan Robison,david-alan-robison-allegany-county-county-commissioner-2026-primary,Republican,Allegany County,County Commissioner,null
Search completed ✅,https://www.times-news.com/watson-runs-for-register-of-wills/article_4e02abbe-8b88-5d38-a268-26933bb2c18d.html,Rita L. Watson,rita-l-watson-garrett-county-register-of-wills-2026-primary,Republican,Garrett County,Register of Wills,null
Search completed ✅,None,Debbie Mills Burch,debbie-mills-burch-saint-marys-county-clerk-of-the-circuit-court-2026-primary,Republican,Saint Mary's County,Clerk of the Circuit Court,null
Search completed ✅,None,Amanda J. Pierce,amanda-j-pierce-cecil-county-register-of-wills-2026-primary,Republican,Cecil County,Register of Wills,null
Search completed ✅,None,Zulieka A. Baysmore,zulieka-a-baysmore-maryland-statewide-house-of-delegates-member-legislative-district-8-2026-primary,Republican,Maryland,House of Delegates Member,null
Search completed ✅,https://www.somdnews.com/enterprise/news/local/mechanicsville-resident-former-principal-summers-files-for-school-board/article_9f86abce-6557-4fd2-bfbb-9370cf87bd2d.html,Kim D. Summers,kim-d-summers-saint-marys-county-board-of-education-member-district-3-2026-primary,Nonpartisan,Saint Mary's County,Board of Education Member,null
Search completed ✅,https://marylandmatters.org/tag/kym-taylor/,Kym Taylor,kym-taylor-maryland-statewide-house-of-delegates-member-legislative-district-23-2026-primary,Democratic,Maryland,House of Delegates Member,null
Search completed ✅,"https://www.carrollmediacenter.org/episodes/dennis-e-frazier-d-candidate-profile-2026-district-3-county-commissioner
https://www.baltimoresun.com/2026/01/14/former-carroll-commissioner-frazier-files-to-run-again-this-time-as-a-democrat/",Dennis E. Frazier,dennis-e-frazier-carroll-county-county-commissioner-district-3-2026-primary,Democratic,Carroll County,County Commissioner,null
Search completed ✅,"https://www.stardem.com/news/local_news/heres-who-is-running-for-office-in-talbot-county-this-year/article_99b1a79c-54b6-431d-aa47-46b7ad22a809.html
https://cnsmaryland.org/2014/09/23/two-dozen-holding-most-misunderstood-job-meet-weeks-before-election/","Patricia ""Patti"" E. Campen",patricia-patti-e-campen-talbot-county-register-of-wills-2026-primary,Democratic,Talbot County,Register of Wills,null
Search completed ✅,None,Mike Fechtmann,mike-fechtmann-maryland-statewide-house-of-delegates-member-legislative-district-29c-2026-primary,Democratic,Maryland,House of Delegates Member,null
Search completed ✅,None,Charnell D. Ferguson,charnell-d-ferguson-prince-georges-county-county-executive-2026-primary,Democratic,Prince George's County,County Executive,null
Search completed ✅,"https://www.theduckpin.com/p/candidate-survey-julie-henn-for-baltimore
https://elections2018.news.baltimoresun.com/baltimore-county/board-of-education/district-5/julie-c-henn/",Julie C. Henn,julie-c-henn-baltimore-county-board-of-education-member-district-5-2026-primary,Nonpartisan,Baltimore County,Board of Education Member,null
Search completed ✅,https://www.thebanner.com/politics-power/local-government/baltimore-county-council-election-candidates-SVXHEUFZOZH7TCJIYKQMKCXRDA/,Tyrod Haynes,tyrod-haynes-baltimore-county-county-council-member-district-3-2026-primary,Democratic,Baltimore County,County Council Member,null
Search completed ✅,None,Bertrand Tessa,bertrand-tessa-prince-georges-county-county-council-member-district-6-2026-primary,Democratic,Prince George's County,County Council Member,null
Search completed ✅,"https://www.carrollmediacenter.org/episodes/todd-w-tracey-r-candidate-profile-2026-district-2-county-commissioner
https://www.carrollmediacenter.org/subcategory/carroll-county-commissioner",Todd W. Tracey,todd-w-tracey-carroll-county-county-commissioner-district-2-2026-primary,Republican,Carroll County,County Commissioner,null
Search completed ✅,https://www.pocomokearrowhead.com/2025/11/04/pocomoke-councilman-among-applicants-for-district-38a-delegate-seat/,C. L. Marshall 3rd,c-l-marshall-3rd-maryland-statewide-house-of-delegates-member-legislative-district-38a-2026-primary,Republican,Maryland,House of Delegates Member,null
Search completed ✅,None,Courtney Alexa Welch,courtney-alexa-welch-maryland-statewide-house-of-delegates-member-legislative-district-5-2026-primary,Democratic,Maryland,House of Delegates Member,null
Search completed ✅,"https://www.cecildaily.com/elkton-commissioner-candidate-jasmin-howell/image_810146c4-3240-4a85-b803-73ce7c0d9c5a.html
https://elkton.org/CivicAlerts.aspx?AID=28",Jasmin R. Howell,jasmin-r-howell-cecil-county-county-council-member-district-2-2026-primary,Democratic,Cecil County,County Council Member,null
Search completed ✅,https://www.somdnews.com/independent/news/local/commissioner-candidates-discuss-traffic-economic-development-at-forum/article_ac2306bc-dd05-59cf-b078-55184122ab36.html,Henry Thompson,henry-thompson-charles-county-board-of-education-member-district-1-2026-primary,Nonpartisan,Charles County,Board of Education Member,null
Search completed ✅,https://talbotspy.org/2026/02/25/political-footnotes-list-of-talbot-county-council-candidates/,Michael Bibb,michael-bibb-talbot-county-county-council-member-2026-primary,Democratic,Talbot County,County Council Member,null
Search completed ✅,None,Robert Stokes Sr.,robert-stokes-sr-maryland-statewide-house-of-delegates-member-legislative-district-45-2026-primary,Democratic,Maryland,House of Delegates Member,null
Search completed ✅,None,Eric Ebersole,eric-ebersole-maryland-statewide-house-of-delegates-member-legislative-district-44a-2026-primary,Democratic,Maryland,House of Delegates Member,null
Search completed ✅,None,Lou H. Taylor,lou-h-taylor-worcester-county-county-commissioner-district-6-2026-primary,Republican,Worcester County,County Commissioner,null
Search completed ✅,"https://www.stardem.com/news/local_news/kent-school-board-candidates-respond-to-top-concerns/article_9a02e540-9b55-5f0e-a0f2-10038e267c24.html
https://www.myeasternshoremd.com/extras/elections/trish-mcgee/article_842b9a31-5e54-548e-9da5-c0c718047046.html","""Trish"" McGee",trish-mcgee-kent-county-board-of-education-member-2026-primary,Nonpartisan,Kent County,Board of Education Member,null
Search completed ✅,None,Jessica Fitzwater,jessica-fitzwater-frederick-county-county-executive-2026-primary,Democratic,Frederick County,County Executive,null
Search completed ✅,None,Theo R. Gillespie,theo-r-gillespie-maryland-statewide-u-s-representative-congressional-district-7-2026-primary,Democratic,Maryland,U.S. Representative,null
Search completed ✅,https://www.facebook.com/61571896501886/photos/john-discussing-issues-with-candidate-for-the-house-of-delegates-district-44a-mr/122154259766729883/,Chuck Linton,chuck-linton-maryland-statewide-house-of-delegates-member-legislative-district-44a-2026-primary,Republican,Maryland,House of Delegates Member,null
Search completed ✅,https://marylandmatters.org/2025/12/16/attar-attorneys-extortion-charges/,Dalya Attar,dalya-attar-maryland-statewide-state-senator-legislative-district-41-2026-primary,Democratic,Maryland,State Senator,null
Search completed ✅,https://marylandmatters.org/tag/ed-crizer/,Ed Crizer,ed-crizer-baltimore-county-county-council-member-district-9-2026-primary,Democratic,Baltimore County,County Council Member,null
Search completed ✅,https://www.somdnews.com/candidates-for-u-s-house-of-representative-fifth-district/article_dc18fa5f-c5bd-42bb-b0b1-5f0bb2f816d4.html,James Anderson Makle Jr.,james-anderson-makle-jr-maryland-statewide-u-s-representative-congressional-district-5-2026-primary,Democratic,Maryland,U.S. Representative,null
Search completed ✅,"https://www.wypr.org/wypr-news/2026-04-06/baltimore-county-council-rejects-return-to-part-time-pay-amid-pension-controversy
https://baltimorecountygop.org/rheagan-kindle/",Rheagan Kindle,rheagan-kindle-baltimore-county-county-council-member-district-1-2026-primary,Republican,Baltimore County,County Council Member,null
Search completed ✅,None,Julian D. Clark,julian-d-clark-charles-county-county-commissioner-district-3-2026-primary,Republican,Charles County,County Commissioner,null
Search completed ✅,None,Jim Simpson,jim-simpson-maryland-statewide-state-senator-legislative-district-11-2026-primary,Republican,Maryland,State Senator,null
Search completed ✅,None,Adam Schuster,adam-schuster-baltimore-county-sheriff-2026-primary,Democratic,Baltimore County,Sheriff,null
Search completed ✅,None,Arian Borghei  (Candidacy for General Election Only),arian-borghei-candidacy-for-general-election-only-montgomery-county-county-executive-2026-primary,Republican,Montgomery County,County Executive,null
Search completed ✅,None,Loucretia A. Wood,loucretia-a-wood-cecil-county-board-of-education-member-district-4-2026-primary,Nonpartisan,Cecil County,Board of Education Member,null
Search completed ✅,None,Justin Gallucci,justin-gallucci-maryland-statewide-state-senator-legislative-district-32-2026-primary,Republican,Maryland,State Senator,null
Search completed ✅,https://marylandmatters.org/tag/teresa-reilly/,Teresa Reilly,teresa-reilly-maryland-statewide-house-of-delegates-member-legislative-district-35a-2026-primary,Republican,Maryland,House of Delegates Member,null
Search completed ✅,None,Susan Richardson Braniecki,susan-richardson-braniecki-worcester-county-clerk-of-the-circuit-court-2026-primary,Republican,Worcester County,Clerk of the Circuit Court,null
Search completed ✅,None,Connor P. Roche,connor-p-roche-maryland-statewide-house-of-delegates-member-legislative-district-33a-2026-primary,Democratic,Maryland,House of Delegates Member,null
Search completed ✅,None,Grady Wilson Jr.,grady-wilson-jr-dorchester-county-county-council-member-district-3-2026-primary,Republican,Dorchester County,County Council Member,null
Search completed ✅,"https://www.baltimoresun.com/2026/03/02/harford-boe-candidate-race/
https://cnsmaryland.org/2022/10/14/melissa-hahn/",Melissa Hahn,melissa-hahn-harford-county-board-of-education-member-district-d-2026-primary,Nonpartisan,Harford County,Board of Education Member,null
Search completed ✅,https://www.stardem.com/news/dorchester/heres-who-is-running-for-office-in-dorchester-county-this-year/article_150997cd-6389-45f6-8c98-1234c8792877.html,William Nichols,william-nichols-dorchester-county-county-council-member-district-2-2026-primary,Democratic,Dorchester County,County Council Member,null
Search completed ✅,None,Donna Eve Radtke Sekora  (Candidacy for General Election Only),donna-eve-radtke-sekora-candidacy-for-general-election-only-baltimore-county-county-council-member-district-9-2026-primary,Unaffiliated,Baltimore County,County Council Member,null
Search completed ✅,https://www.stardem.com/news/caroline/heres-who-is-running-for-office-in-caroline-county/article_b10223c6-254c-47ed-b276-6ecd8c9e7afa.html,Zachary Eldredge,zachary-eldredge-caroline-county-register-of-wills-2026-primary,Republican,Caroline County,Register of Wills,null
Search completed ✅,https://marylandmatters.org/tag/mark-fisher/,Mark N. Fisher,mark-n-fisher-maryland-statewide-house-of-delegates-member-legislative-district-27c-2026-primary,Republican,Maryland,House of Delegates Member,null
Search completed ✅,None,Sheariah Yousefi,sheariah-yousefi-maryland-statewide-house-of-delegates-member-legislative-district-34b-2026-primary,Republican,Maryland,House of Delegates Member,null
Search completed ✅,None,April M. Compton,april-m-compton-washington-county-county-commissioner-2026-primary,Republican,Washington County,County Commissioner,null
Search completed ✅,"https://www.somdnews.com/independent/news/local/henderson-yates-file-for-charles-clerk-of-circuit-court/article_860f53ef-cd24-4fdd-8bb2-c7cea3e6ae17.html
https://ballotpedia.org/Lisa_E._Yates_(Charles_County_Clerk_of_the_Circuit_Court_Maryland_candidate_2022)",Lisa E. Yates,lisa-e-yates-charles-county-clerk-of-the-circuit-court-2026-primary,Democratic,Charles County,Clerk of the Circuit Court,null
Search completed ✅,https://thedailyrecord.com/2023/02/28/jason-c-buckel-2/,Jason C. Buckel,jason-c-buckel-maryland-statewide-house-of-delegates-member-legislative-district-1b-2026-primary,Republican,Maryland,House of Delegates Member,null
Search completed ✅,None,Will Shorter,will-shorter-anne-arundel-county-county-council-member-district-2-2026-primary,Democratic,Anne Arundel County,County Council Member,null
Search completed ✅,None,Michael A. Eckels Jr.,michael-a-eckels-jr-maryland-statewide-house-of-delegates-member-legislative-district-35a-2026-primary,Democratic,Maryland,House of Delegates Member,null
Search completed ✅,https://www.baltimoresun.com/2026/02/25/baltimore-county-crowded-primaries/,Christine L. Vondersmith,christine-l-vondersmith-baltimore-county-county-council-member-district-6-2026-primary,Republican,Baltimore County,County Council Member,null
Search completed ✅,None,Michele W. Johnson,michele-w-johnson-maryland-statewide-house-of-delegates-member-legislative-district-37b-2026-primary,Democratic,Maryland,House of Delegates Member,null
Search completed ✅,None,Neil Jennings,neil-jennings-maryland-statewide-state-senator-legislative-district-35-2026-primary,Democratic,Maryland,State Senator,null
Search completed ✅,None,Alorah D. Vantassell,alorah-d-vantassell-charles-county-county-commissioner-district-2-2026-primary,Republican,Charles County,County Commissioner,null
Search completed ✅,None,Jessica Ryley Hammond,jessica-ryley-hammond-harford-county-county-council-member-district-c-2026-primary,Democratic,Harford County,County Council Member,null
Search completed ✅,None,Joseph Tolbert 3rd,joseph-tolbert-3rd-maryland-statewide-house-of-delegates-member-legislative-district-25-2026-primary,Democratic,Maryland,House of Delegates Member,null
Search completed ✅,https://www.delmarvanow.com/story/news/politics/elections/2026/02/26/candidates-file-for-2026-md-primary-election-from-around-lower-shore/88865260007/,Seth C. Roberts,seth-c-roberts-wicomico-county-board-of-education-member-district-4-2026-primary,Nonpartisan,Wicomico County,Board of Education Member,null
Search completed ✅,None,Caroline H. Bloxom,caroline-h-bloxom-worcester-county-board-of-education-member-district-1-2026-primary,Nonpartisan,Worcester County,Board of Education Member,null
Search completed ✅,No relevant information found.,Paul D. Corderman,paul-d-corderman-maryland-statewide-state-senator-legislative-district-2-2026-primary,Republican,Maryland,State Senator,null
Search completed ✅,https://www.myeasternshoremd.com/qa/news/ahead-of-june-primary-candidates-file-for-local-office-in-qa/article_96fd4ef5-3cdc-4d0a-9008-6f0c2713e573.html,Andrea Alduino,andrea-alduino-queen-annes-county-county-commissioner-district-2-2026-primary,Democratic,Queen Anne's County,County Commissioner,null
Search completed ✅,https://conduitstreet.mdcounties.org/2021/04/02/charles-burkett-confirmed-as-new-washington-county-commissioner/,Charles Burkett,charles-burkett-washington-county-county-commissioner-2026-primary,Republican,Washington County,County Commissioner,null
Search completed ✅,https://www.thebanner.com/politics-power/local-government/montgomery-county-final-candidates-2026-V2WGULT3HRFTTBGNLHKUVLS6CI/,Hamza Khan,hamza-khan-montgomery-county-county-council-member-at-large-2026-primary,Democratic,Montgomery County,County Council Member (At-Large),null
Search completed ✅,https://www.myeasternshoremd.com/qa/news/ahead-of-june-primary-candidates-file-for-local-office-in-qa/article_96fd4ef5-3cdc-4d0a-9008-6f0c2713e573.html,Mat Drayer,mat-drayer-queen-annes-county-county-commissioner-district-2-2026-primary,Republican,Queen Anne's County,County Commissioner,null
Search completed ✅,None,Dion F. Guthrie,dion-f-guthrie-harford-county-county-council-member-district-a-2026-primary,Democratic,Harford County,County Council Member,null
Search completed ✅,https://www.octodaydispatch.com/news/candidates-set-for-june-23-primary-election-most-county-contests-to-be-decided-this-summer/article_3af88247-92be-49f6-9ada-039cec3f4ff8.html,Glen Ennis,glen-ennis-worcester-county-board-of-education-member-district-1-2026-primary,Nonpartisan,Worcester County,Board of Education Member,null
Search completed ✅,https://ballotpedia.org/Ballotpedia%27s_Candidate_Connection,Guy Miller  (Candidacy for General Election Only),guy-miller-candidacy-for-general-election-only-cecil-county-sheriff-2026-primary,Unaffiliated,Cecil County,Sheriff,null
Search completed ✅,https://deepcreektimes.com/rev-ed-clemons-jr-announces-campaign-for-maryland-house-of-delegates-in-district-1a/,Edward E. Clemons Jr.,edward-e-clemons-jr-maryland-statewide-house-of-delegates-member-legislative-district-1a-2026-primary,Republican,Maryland,House of Delegates Member,null
Search completed ✅,None,Kevin Legacy,kevin-legacy-maryland-statewide-house-of-delegates-member-legislative-district-40-2026-primary,Democratic,Maryland,House of Delegates Member,null
Search completed ✅,"https://www.wmar2news.com/infocus/howd-they-vote-the-community-trust-act
https://www.wmar2news.com/local/maryland-bill-would-require-menstrual-hygiene-products-in-all-parks-rec-center-bathrooms-transit-stations",Ken Kerr,ken-kerr-maryland-statewide-house-of-delegates-member-legislative-district-3-2026-primary,Democratic,Maryland,House of Delegates Member,null
Search completed ✅,https://www.delmarvanow.com/story/news/politics/elections/2026/02/26/candidates-file-for-2026-md-primary-election-from-around-lower-shore/88865260007/,"James ""Bo"" McAllister",james-bo-mcallister-wicomico-county-clerk-of-the-circuit-court-2026-primary,Democratic,Wicomico County,Clerk of the Circuit Court,null
Search completed ✅,https://www.somdnews.com/enterprise/news/local/sheriff-hall-of-great-mills-refiles-for-position/article_9a5fad7d-1268-41b3-899e-2437587b4da6.html,Carl Sturgis,carl-sturgis-saint-marys-county-sheriff-2026-primary,Democratic,Saint Mary's County,Sheriff,null
Search completed ✅,"https://ballotpedia.org/Maryland_House_of_Delegates_District_26
https://marylandmatters.org/2022/06/01/top-20-house-primaries-to-watch/",Reginald Martin,reginald-martin-maryland-statewide-house-of-delegates-member-legislative-district-26-2026-primary,Democratic,Maryland,House of Delegates Member,null
Search completed ✅,None,Jamie Marshall,jamie-marshall-cecil-county-clerk-of-the-circuit-court-2026-primary,Democratic,Cecil County,Clerk of the Circuit Court,null
Search completed ✅,https://marylandmatters.org/tag/edith-patterson/,Edith J. Patterson,edith-j-patterson-maryland-statewide-house-of-delegates-member-legislative-district-28-2026-primary,Democratic,Maryland,House of Delegates Member,null
Search completed ✅,None,Jeff Hovis,jeff-hovis-garrett-county-county-commissioner-district-1-2026-primary,Democratic,Garrett County,County Commissioner,null
Search completed ✅,https://www.somdnews.com/enquirer_gazette/news/local/destination-congress-democrat-hopefuls-gather/article_ccc345ec-0c18-4ba6-afee-97bfe889d9a7.html,Nichole McDonald,nichole-mcdonald-maryland-statewide-house-of-delegates-member-legislative-district-45-2026-primary,Unaffiliated,Maryland,House of Delegates Member,null
Search completed ✅,https://www.myeasternshoremd.com/qa/news/ahead-of-june-primary-candidates-file-for-local-office-in-qa/article_96fd4ef5-3cdc-4d0a-9008-6f0c2713e573.html,Patrick McLaughlin,patrick-mclaughlin-queen-annes-county-county-commissioner-district-2-2026-primary,Republican,Queen Anne's County,County Commissioner,null
Search completed ✅,None,Michael F. Burke,michael-f-burke-baltimore-county-sheriff-2026-primary,Republican,Baltimore County,Sheriff,null
Search completed ✅,https://cnsmaryland.org/baltimore-county-board-of-education-candidates-2022/,Brenda Hatcher-Savoy,brenda-hatcher-savoy-baltimore-county-board-of-education-member-district-4-2026-primary,Nonpartisan,Baltimore County,Board of Education Member,null
Search completed ✅,https://www.stardem.com/news/dorchester/heres-who-is-running-for-office-in-dorchester-county-this-year/article_150997cd-6389-45f6-8c98-1234c8792877.html,Andrew D. Citrone,andrew-d-citrone-dorchester-county-register-of-wills-2026-primary,Republican,Dorchester County,Register of Wills,null
Search completed ✅,"https://www.delmarvanow.com/story/news/politics/elections/2026/02/26/candidates-file-for-2026-md-primary-election-from-around-lower-shore/88865260007
https://baytobaynews.com/salisbury/stories/filing-deadline-for-md-primary-election-passes-here-is-a-list-of-candidates-running-in-wicomico302298",Hanson W. Egerland,hanson-w-egerland-wicomico-county-board-of-education-member-district-6-2026-primary,Nonpartisan,Wicomico County,Board of Education Member,null
Search completed ✅,None,Kelli Slattery McClelland,kelli-slattery-mcclelland-baltimore-county-board-of-education-member-district-3-2026-primary,Nonpartisan,Baltimore County,Board of Education Member,null
Search completed ✅,"https://www.cecildaily.com/news/sheriff-candidate-found-guilty-of-insubordination-in-maryland-state-police-administrative-case/article_d8cff45b-2e88-4254-8331-13ed8d9cd04a.html
http://cecilcounty.news/2026/02/20/jaskiewicz-voices-support-for-ice-cooperation-amid-maryland-287g-controversy/",Nick Jaskiewicz,nick-jaskiewicz-cecil-county-sheriff-2026-primary,Republican,Cecil County,Sheriff,null
Search completed ✅,None,Laurie Anne Brittingham,laurie-anne-brittingham-maryland-statewide-house-of-delegates-member-legislative-district-38c-2026-primary,Democratic,Maryland,House of Delegates Member,null
Search completed ✅,None,James Amos,james-amos-baltimore-county-county-council-member-district-2-2026-primary,Republican,Baltimore County,County Council Member,null
Search completed ✅,https://thedailyrecord.com/2022/08/24/abena-affum-mcallister/,Abena Affum-McAllister,abena-affum-mcallister-maryland-statewide-house-of-delegates-member-legislative-district-28-2026-primary,Democratic,Maryland,House of Delegates Member,null
Search completed ✅,https://www.somdnews.com/independent/news/local/charles-county-election-2022-primary-candidates/article_bff78d2e-b2b6-5493-9f18-cfba75a42c7a.html,Shawna Marks,shawna-marks-charles-county-board-of-education-member-district-1-2026-primary,Nonpartisan,Charles County,Board of Education Member,null
Search completed ✅,https://mdbaynews.com/2026/03/09/anne-arundel-county-council-races-2026-candidates/,Catelyn Middlebrooks,catelyn-middlebrooks-anne-arundel-county-county-council-member-district-2-2026-primary,Democratic,Anne Arundel County,County Council Member,null
Search completed ✅,https://www.delmarvanow.com/story/news/politics/elections/2026/02/26/candidates-file-for-2026-md-primary-election-from-around-lower-shore/88865260007/,Bryant C. Owens,bryant-c-owens-somerset-county-county-commissioner-district-4-2026-primary,Republican,Somerset County,County Commissioner,null
Search completed ✅,https://cnsmaryland.org/2022/10/14/david-a-bohn/,David A. Bohn,david-a-bohn-allegany-county-board-of-education-member-2026-primary,Nonpartisan,Allegany County,Board of Education Member,null
Search completed ✅,"https://www.informedstmarys.com/news/election-2026-md05-congressional-candidates
https://www.somdnews.com/candidates-for-u-s-house-of-representative-fifth-district/article_dc18fa5f-c5bd-42bb-b0b1-5f0bb2f816d4.html",Kenneth Simons,kenneth-simons-maryland-statewide-u-s-representative-congressional-district-5-2026-primary,Democratic,Maryland,U.S. Representative,null
Search completed ✅,https://www.somdnews.com/independent/news/local/corbin-files-for-state-senate-seat-28/article_98971701-91c6-4913-869e-eff21d7b4760.html,Aaron Corbin,aaron-corbin-maryland-statewide-state-senator-legislative-district-28-2026-primary,Democratic,Maryland,State Senator,null
Search completed ✅,https://www.washingtonexaminer.com/news/campaigns/congressional/4422641/chris-burnett-gop-candidate-maryland-most-competitive-district/,Chris Burnett,chris-burnett-maryland-statewide-u-s-representative-congressional-district-6-2026-primary,Republican,Maryland,U.S. Representative,null
Search completed ✅,https://www.myeasternshoremd.com/kent_county_news/news/primary-races-for-local-office-take-shape-following-feb-filing-deadline/article_a9a0b0c1-73e2-42a9-9eac-57902d5c096d.html,Matt Crouch,matt-crouch-kent-county-states-attorney-2026-primary,Republican,Kent County,State's Attorney,null
Search completed ✅,"https://marylandeducators.org/the-good-trouble-questionnaire-casey-day-frederick-county/ 
https://my.lwv.org/maryland/frederick-county",Casey Day,casey-day-frederick-county-board-of-education-member-2026-primary,Nonpartisan,Frederick County,Board of Education Member,null
Search completed ✅,"https://www.washingtoninformer.com/prince-georges-county-executive-race/ 
https://afro.com/prince-georges-county-executive-race/",John White,john-white-maryland-statewide-u-s-representative-congressional-district-3-2026-primary,Republican,Maryland,U.S. Representative,null
Search completed ✅,https://www.stardem.com/news/local_news/deputy-states-attorney-joseph-coale-declares-candidacy-for-talbot-county-states-attorney/article_1b39b2c9-a2be-5d3c-a181-931310a06441.html,Joseph Coale,joseph-coale-talbot-county-states-attorney-2026-primary,Republican,Talbot County,State's Attorney,null
Search completed ✅,None,Frank Glover,frank-glover-maryland-statewide-house-of-delegates-member-legislative-district-12a-2026-primary,Republican,Maryland,House of Delegates Member,null
Search completed ✅,None,Shanai N. Dunmore,shanai-n-dunmore-baltimore-city-register-of-wills-2026-primary,Democratic,Baltimore City,Register of Wills,null
Search completed ✅,None,Donald L. Lech,donald-l-lech-maryland-statewide-u-s-representative-congressional-district-8-2026-primary,Republican,Maryland,U.S. Representative,null
Search completed ✅,https://www.whcp.org/whcp-news-desk/2026-03-12/randi-white-says-blue-wave-will-bring-her-to-congress,Randi White,randi-white-maryland-statewide-u-s-representative-congressional-district-1-2026-primary,Democratic,Maryland,U.S. Representative,null
Search completed ✅,None,Brian S. Jordan,brian-s-jordan-maryland-statewide-u-s-representative-congressional-district-5-2026-primary,Unaffiliated,Maryland,U.S. Representative,null
Search completed ✅,None,Sam Newhouse,sam-newhouse-frederick-county-county-council-member-at-large-2026-primary,Democratic,Frederick County,County Council Member (At-Large),null
Search completed ✅,None,Sean A. Floyd,sean-a-floyd-prince-georges-county-county-council-member-at-large-2026-primary,Democratic,Prince George's County,County Council Member (At-Large),null
Search completed ✅,None,Leigha Messick,leigha-messick-maryland-statewide-u-s-representative-congressional-district-5-2026-primary,Democratic,Maryland,U.S. Representative,null
Search completed ✅,https://www.dundalkeagle.com/news/local-voters-guide-for-2022-primaries/article_faabf9be-eddd-51db-8f29-b1a9813a641c.html,Chike Anyanwu,chike-anyanwu-baltimore-county-county-council-member-district-3-2026-primary,Republican,Baltimore County,County Council Member,null
Search completed ✅,https://www.wusa9.com/article/news/politics/steny-hoyer-maryland-5th-congressional-district-prince-georges-county-anne-arundel-carroll-calvert-st-marys/65-d495a4ad-6c91-4504-b5ca-18ab0fb30501,Elldwnia English,elldwnia-english-maryland-statewide-u-s-representative-congressional-district-5-2026-primary,Democratic,Maryland,U.S. Representative,null
Search completed ✅,https://www.somdnews.com/independent/news/local/varney-files-for-charles-board-of-education/article_62d8eafb-1e90-43e2-aae0-eb0126922765.html,Donta Varney,donta-varney-charles-county-board-of-education-member-district-2-2026-primary,Nonpartisan,Charles County,Board of Education Member,null
Search completed ✅,https://cnsmaryland.org/caroline-county-board-of-education-candidates-2022/,Patrick Troy Plutschak,patrick-troy-plutschak-caroline-county-board-of-education-member-district-3-2026-primary,Nonpartisan,Caroline County,Board of Education Member,null
Search completed ✅,None,Elliott Joseph Herneker,elliott-joseph-herneker-maryland-statewide-house-of-delegates-member-legislative-district-34a-2026-primary,Republican,Maryland,House of Delegates Member,null
Search completed ✅,None,Aqsa Siddique,aqsa-siddique-charles-county-board-of-education-member-district-3-2026-primary,Nonpartisan,Charles County,Board of Education Member,null
Search completed ✅,https://www.times-news.com/weekender/commissioners-to-deliver-state-of-the-county/article_a62a6731-215f-49cd-b6df-09306cc5335d.html,S. Larry Tichnell,s-larry-tichnell-garrett-county-county-commissioner-district-1-2026-primary,Republican,Garrett County,County Commissioner,null
Search completed ✅,https://marylandmatters.org/2026/04/18/frimpong-moves-up-matthews-brown-moves-on-a-path-for-penman-in-notes/,Jim Crawford,jim-crawford-maryland-statewide-house-of-delegates-member-legislative-district-27a-2026-primary,Republican,Maryland,House of Delegates Member,null
Search completed ✅,"https://www.wypr.org/wypr-news/2026-03-02/baltimore-county-public-campaign-financing-makes-one-county-council-race-competitive
https://www.baltimoresun.com/2026/02/25/baltimore-county-crowded-primaries/
https://www.thebanner.com/politics-power/local-government/baltimore-county-council-election-candidates-SVXHEUFZOZH7TCJIYKQMKCXRDA/",N. Westcott V,n-westcott-v-baltimore-county-county-council-member-district-1-2026-primary,Democratic,Baltimore County,County Council Member,null
Search completed ✅,https://www.times-news.com/news/local_news/duggan-candidate-for-house-district-1a-seat/article_4168b92d-b86b-4880-bd53-9fdbf158c56f.html,Dan Duggan,dan-duggan-maryland-statewide-house-of-delegates-member-legislative-district-1a-2026-primary,Republican,Maryland,House of Delegates Member,null
Search completed ✅,None,April Fleming Miller,april-fleming-miller-maryland-statewide-house-of-delegates-member-legislative-district-4-2026-primary,Republican,Maryland,House of Delegates Member,null
Search completed ✅,https://www.thebanner.com/politics-power/local-government/baltimore-county-council-election-candidates-SVXHEUFZOZH7TCJIYKQMKCXRDA/,Dana R. Robinson  (Candidacy for General Election Only),dana-r-robinson-candidacy-for-general-election-only-baltimore-county-sheriff-2026-primary,Unaffiliated,Baltimore County,Sheriff,null
Search completed ✅,None,Natasha Valencia,natasha-valencia-frederick-county-county-council-member-district-3-2026-primary,Democratic,Frederick County,County Council Member,null
Search completed ✅,None,Veronica Turner,veronica-turner-maryland-statewide-house-of-delegates-member-legislative-district-26-2026-primary,Democratic,Maryland,House of Delegates Member,null
Search completed ✅,"https://www.somdnews.com/enterprise/news/local/milburn-of-lexington-park-joins-district-1-commissioner-race/article_487c1a75-f3de-4a38-a5b4-44f61466d7c2.html
https://www.somdnews.com/enterprise/news/local/colvin-milburn-contest-district-1-commissioners-race-in-st-marys/article_f5384cc8-3e2c-516e-b6cd-edb44334f5d8.html
https://www.somdnews.com/enterprise/news/local/milburn-running-for-st-marys-county-commissioner-in-district-1/article_cdd11f64-5931-52e1-abc5-d0d213d3a4c4.html",Sheila Milburn,sheila-milburn-saint-marys-county-county-commissioner-district-1-2026-primary,Democratic,Saint Mary's County,County Commissioner,null
Search completed ✅,"https://marylandmatters.org/tag/dayana-bergman/ 
https://www.carrollmediacenter.org/episodes/dayana-bergman-d-candidate-profile-2026-house-of-delegates-district-5",Dayana Bergman,dayana-bergman-maryland-statewide-house-of-delegates-member-legislative-district-5-2026-primary,Democratic,Maryland,House of Delegates Member,null
Search completed ✅,None,Bertrand Tessa,bertrand-tessa-prince-georges-county-county-council-member-at-large-2026-primary,Democratic,Prince George's County,County Council Member (At-Large),null
Search completed ✅,https://www.thebanner.com/politics-power/local-government/baltimore-county-council-election-candidates-SVXHEUFZOZH7TCJIYKQMKCXRDA/,William Merrill 3rd,william-merrill-3rd-baltimore-county-sheriff-2026-primary,Democratic,Baltimore County,Sheriff,null
Search completed ✅,None,Joseph W. Sampson Jr.,joseph-w-sampson-jr-charles-county-board-of-education-member-district-2-2026-primary,Nonpartisan,Charles County,Board of Education Member,null
Search completed ✅,None,Brittany Vazquez,brittany-vazquez-prince-georges-county-county-council-member-district-6-2026-primary,Democratic,Prince George's County,County Council Member,null
Search completed ✅,https://www.stardem.com/news/caroline/heres-who-is-running-for-office-in-caroline-county/article_b10223c6-254c-47ed-b276-6ecd8c9e7afa.html,Peggy A. Gallagher,peggy-a-gallagher-caroline-county-clerk-of-the-circuit-court-2026-primary,Republican,Caroline County,Clerk of the Circuit Court,null
Search completed ✅,None,Paul Gilligan,paul-gilligan-maryland-statewide-house-of-delegates-member-legislative-district-4-2026-primary,Democratic,Maryland,House of Delegates Member,null
Search completed ✅,None,Stephanie V. Overton Stanard,stephanie-v-overton-stanard-prince-georges-county-register-of-wills-2026-primary,Democratic,Prince George's County,Register of Wills,null
Search completed ✅,https://www.wmdt.com/2025/12/maryland-delegates-meet-with-dorchester-business-owners/,Chris Adams,chris-adams-maryland-statewide-house-of-delegates-member-legislative-district-37b-2026-primary,Republican,Maryland,House of Delegates Member,null
Search completed ✅,https://www.baltimoresun.com/2026/03/02/harford-boe-candidate-race/,Christian Licier,christian-licier-harford-county-board-of-education-member-district-b-2026-primary,Nonpartisan,Harford County,Board of Education Member,null
Search completed ✅,None,Scott R. Ostrow,scott-r-ostrow-saint-marys-county-county-commissioner-district-4-2026-primary,Republican,Saint Mary's County,County Commissioner,null
Search completed ✅,https://www.stardem.com/news/caroline/heres-who-is-running-for-office-in-caroline-county/article_b10223c6-254c-47ed-b276-6ecd8c9e7afa.html,Wade Scott,wade-scott-caroline-county-register-of-wills-2026-primary,Republican,Caroline County,Register of Wills,null
Search completed ✅,None,Larry C. Porter,larry-c-porter-caroline-county-county-commissioner-2026-primary,Republican,Caroline County,County Commissioner,null
Search completed ✅,https://www.somdnews.com/enterprise/news/local/mcdonald-files-for-district-29b-delegate-in-st-marys/article_88485926-016c-4997-a76a-e0338c66ffd2.html,Kris McDonald,kris-mcdonald-maryland-statewide-house-of-delegates-member-legislative-district-29b-2026-primary,Democratic,Maryland,House of Delegates Member,null
Search completed ✅,https://www.yahoo.com/news/articles/filings-shake-eastern-shore-2026-152100203.html,Nevin Crouse,nevin-crouse-maryland-statewide-house-of-delegates-member-legislative-district-36-2026-primary,Democratic,Maryland,House of Delegates Member,null
Search completed ✅,"https://cnsmaryland.org/2022/10/14/lori-lepley/
https://www.times-news.com/news/local_news/boe-candidate-forum-topics-include-sexuality-spending/article_6c832356-4b1b-11ed-ba51-cbe32531bfa3.html",Lori D. Lepley,lori-d-lepley-allegany-county-board-of-education-member-2026-primary,Nonpartisan,Allegany County,Board of Education Member,null
Search completed ✅,"https://mywcta.org/2024/03/21/wcta-considers-wcboe-candidates-for-2024-primary-race/
https://www.thehancocknews.com/2026/03/03/candidate-filing-ends-for-2026-election-season-with-array-of-races-for-county-district-seats/",Pieter Bickford,pieter-bickford-washington-county-board-of-education-member-2026-primary,Nonpartisan,Washington County,Board of Education Member,null
Search completed ✅,None,John D. Jones Jr.,john-d-jones-jr-maryland-statewide-house-of-delegates-member-legislative-district-28-2026-primary,Democratic,Maryland,House of Delegates Member,null
Search completed ✅,https://marylandreporter.com/2026/02/01/democratic-leaders-promised-to-do-independent-redistricting-they-broke-their-promises/,Marvin E. Holmes Jr.,marvin-e-holmes-jr-maryland-statewide-house-of-delegates-member-legislative-district-23-2026-primary,Democratic,Maryland,House of Delegates Member,null
Search completed ✅,https://www.stardem.com/news/caroline/heres-who-is-running-for-office-in-caroline-county/article_b10223c6-254c-47ed-b276-6ecd8c9e7afa.html,Linda Dunn,linda-dunn-caroline-county-register-of-wills-2026-primary,Republican,Caroline County,Register of Wills,null
Search completed ✅,None,Rocio Mercado Garcia,rocio-mercado-garcia-maryland-statewide-house-of-delegates-member-legislative-district-27c-2026-primary,Democratic,Maryland,House of Delegates Member,null
Search completed ✅,"https://www.greenbeltnewsreview.com/news-stories/maryland-house-of-delegates-district-22-election-preview/ 
https://wamu.org/story/26/03/27/the-politics-hour-fairfax-county-board-chair-jeff-mckay-and-crossover-day-in-maryland/",Ashanti Martinez,ashanti-martinez-maryland-statewide-house-of-delegates-member-legislative-district-22-2026-primary,Democratic,Maryland,House of Delegates Member,null
Search completed ✅,None,Edward Shlikas,edward-shlikas-maryland-statewide-u-s-representative-congressional-district-1-2026-primary,Unaffiliated,Maryland,U.S. Representative,null
Search completed ✅,"https://www.octodaydispatch.com/news/candidates-set-for-june-23-primary-election-most-county-contests-to-be-decided-this-summer/article_3af88247-92be-49f6-9ada-039cec3f4ff8.html
https://www.delmarvanow.com/story/news/local/maryland/2022/07/08/worcester-county-commissioners-meet-2022-primary-election-candidates/65366031007/",Tim VanVonno,tim-vanvonno-worcester-county-county-commissioner-district-3-2026-primary,Republican,Worcester County,County Commissioner,null
Search completed ✅,None,Tammie Baugher,tammie-baugher-frederick-county-county-council-member-district-3-2026-primary,Republican,Frederick County,County Council Member,null
Search completed ✅,None,Crystal Samonica,crystal-samonica-prince-georges-county-county-council-member-district-6-2026-primary,Democratic,Prince George's County,County Council Member,null
Search completed ✅,None,Dawn Zimmerman,dawn-zimmerman-saint-marys-county-county-commissioner-district-4-2026-primary,Republican,Saint Mary's County,County Commissioner,null
Search completed ✅,https://www.carrollmediacenter.org/episodes/paul-konka-d-candidate-profile-2026-state-senate-district-42,Stephanie Popescu,stephanie-popescu-maryland-statewide-state-senator-legislative-district-42-2026-primary,Democratic,Maryland,State Senator,null
Search completed ✅,None,Bernadette Smith,bernadette-smith-charles-county-board-of-education-member-district-1-2026-primary,Nonpartisan,Charles County,Board of Education Member,null
Search completed ✅,None,Ron Fithian,ron-fithian-kent-county-county-commissioner-2026-primary,Republican,Kent County,County Commissioner,null
Search completed ✅,None,Shelley Aloi,shelley-aloi-maryland-statewide-state-senator-legislative-district-3-2026-primary,Republican,Maryland,State Senator,null
Search completed ✅,https://www.stardem.com/news/caroline/heres-who-is-running-for-office-in-caroline-county/article_b10223c6-254c-47ed-b276-6ecd8c9e7afa.html,Donnie Baker,donnie-baker-caroline-county-sheriff-2026-primary,Republican,Caroline County,Sheriff,null
Search completed ✅,None,Linda Friday,linda-friday-caroline-county-county-commissioner-2026-primary,Republican,Caroline County,County Commissioner,null
Search completed ✅,None,J. D. Kumar,j-d-kumar-maryland-statewide-u-s-representative-congressional-district-8-2026-primary,Democratic,Maryland,U.S. Representative,null
Search completed ✅,"https://marylandmatters.org/tag/berney-flowers/
https://ivoterguide.com/candidate/62321/race/2053/election/1080
https://www.ballotready.org/people/berney-flowers-6c8707ae-39be-49d9-bd6d-dcd2bf2d6b44",Berney Flowers,berney-flowers-maryland-statewide-u-s-representative-congressional-district-3-2026-primary,Republican,Maryland,U.S. Representative,null
Search completed ✅,None,Rosalyn E. Pugh,rosalyn-e-pugh-prince-georges-county-register-of-wills-2026-primary,Democratic,Prince George's County,Register of Wills,null
Search completed ✅,"https://www.wypr.org/show/midday/2022-06-22/sam-cogen-democratic-primary-candidate-for-balt-city-sheriff
https://baltimorefishbowl.com/stories/baltimore-city-sheriffs-office-ratifies-new-contract-improved-pay-accountability/",Sam Cogen,sam-cogen-baltimore-city-sheriff-2026-primary,Democratic,Baltimore City,Sheriff,null
Search completed ✅,None,Jason M. Jobe,jason-m-jobe-maryland-statewide-house-of-delegates-member-legislative-district-1a-2026-primary,Democratic,Maryland,House of Delegates Member,null